[{"model": "admin.logentry", "pk": 1, "fields": {"action_time": "2025-08-02T08:28:21.729Z", "user": 1, "content_type": 7, "object_id": "2", "object_repr": "http://127.0.0.1/", "action_flag": 1, "change_message": "[{\"added\": {}}]"}}, {"model": "admin.logentry", "pk": 2, "fields": {"action_time": "2025-08-02T08:28:30.738Z", "user": 1, "content_type": 7, "object_id": "1", "object_repr": "http://127.0.0.1", "action_flag": 2, "change_message": "[{\"changed\": {\"fields\": [\"Domain name\"]}}]"}}, {"model": "admin.logentry", "pk": 3, "fields": {"action_time": "2025-08-02T08:28:52.172Z", "user": 1, "content_type": 17, "object_id": "1", "object_repr": "Yandex", "action_flag": 1, "change_message": "[{\"added\": {}}]"}}, {"model": "admin.logentry", "pk": 4, "fields": {"action_time": "2025-08-02T08:29:14.269Z", "user": 1, "content_type": 3, "object_id": "1", "object_repr": "managers", "action_flag": 1, "change_message": "[{\"added\": {}}]"}}, {"model": "admin.logentry", "pk": 5, "fields": {"action_time": "2025-08-02T08:29:37.801Z", "user": 1, "content_type": 3, "object_id": "2", "object_repr": "common users", "action_flag": 1, "change_message": "[{\"added\": {}}]"}}, {"model": "admin.logentry", "pk": 6, "fields": {"action_time": "2025-08-02T08:29:51.755Z", "user": 1, "content_type": 4, "object_id": "1", "object_repr": "May", "action_flag": 2, "change_message": "[{\"changed\": {\"fields\": [\"Groups\"]}}]"}}, {"model": "admin.logentry", "pk": 7, "fields": {"action_time": "2025-08-02T08:31:03.389Z", "user": 1, "content_type": 4, "object_id": "2", "object_repr": "Kai", "action_flag": 1, "change_message": "[{\"added\": {}}]"}}, {"model": "admin.logentry", "pk": 8, "fields": {"action_time": "2025-08-02T08:31:10.522Z", "user": 1, "content_type": 10, "object_id": "1", "object_repr": "Author object (1)", "action_flag": 1, "change_message": "[{\"added\": {}}]"}}, {"model": "admin.logentry", "pk": 9, "fields": {"action_time": "2025-08-02T08:31:16.715Z", "user": 1, "content_type": 4, "object_id": "3", "object_repr": "Nick", "action_flag": 1, "change_message": "[{\"added\": {}}]"}}, {"model": "admin.logentry", "pk": 10, "fields": {"action_time": "2025-08-02T08:31:20.063Z", "user": 1, "content_type": 10, "object_id": "2", "object_repr": "Author object (2)", "action_flag": 1, "change_message": "[{\"added\": {}}]"}}, {"model": "admin.logentry", "pk": 11, "fields": {"action_time": "2025-08-02T08:32:42.077Z", "user": 1, "content_type": 9, "object_id": "1", "object_repr": "Category object (1)", "action_flag": 1, "change_message": "[{\"added\": {}}]"}}, {"model": "admin.logentry", "pk": 12, "fields": {"action_time": "2025-08-02T08:32:50.024Z", "user": 1, "content_type": 9, "object_id": "2", "object_repr": "Category object (2)", "action_flag": 1, "change_message": "[{\"added\": {}}]"}}, {"model": "admin.logentry", "pk": 13, "fields": {"action_time": "2025-08-02T08:32:54.363Z", "user": 1, "content_type": 9, "object_id": "3", "object_repr": "Category object (3)", "action_flag": 1, "change_message": "[{\"added\": {}}]"}}, {"model": "admin.logentry", "pk": 14, "fields": {"action_time": "2025-08-02T08:32:58.253Z", "user": 1, "content_type": 9, "object_id": "4", "object_repr": "Category object (4)", "action_flag": 1, "change_message": "[{\"added\": {}}]"}}, {"model": "admin.logentry", "pk": 15, "fields": {"action_time": "2025-08-02T16:54:39.160Z", "user": 1, "content_type": 4, "object_id": "4", "object_repr": "artemaret2016", "action_flag": 3, "change_message": ""}}, {"model": "admin.logentry", "pk": 16, "fields": {"action_time": "2025-08-02T16:54:43.478Z", "user": 1, "content_type": 4, "object_id": "5", "object_repr": "bs.maygdan", "action_flag": 3, "change_message": ""}}, {"model": "admin.logentry", "pk": 17, "fields": {"action_time": "2025-08-03T09:53:56.702Z", "user": 1, "content_type": 4, "object_id": "8", "object_repr": "alesharet4253", "action_flag": 3, "change_message": ""}}, {"model": "admin.logentry", "pk": 18, "fields": {"action_time": "2025-08-03T09:54:01.461Z", "user": 1, "content_type": 4, "object_id": "9", "object_repr": "artemaret2016", "action_flag": 3, "change_message": ""}}, {"model": "admin.logentry", "pk": 19, "fields": {"action_time": "2025-08-03T09:54:05.309Z", "user": 1, "content_type": 4, "object_id": "7", "object_repr": "maygdan.games", "action_flag": 3, "change_message": ""}}, {"model": "admin.logentry", "pk": 20, "fields": {"action_time": "2025-08-03T09:54:10.252Z", "user": 1, "content_type": 4, "object_id": "6", "object_repr": "maygdan228", "action_flag": 3, "change_message": ""}}, {"model": "admin.logentry", "pk": 21, "fields": {"action_time": "2025-08-04T17:00:26.689Z", "user": 1, "content_type": 13, "object_id": "4", "object_repr": "Post_Category object (4)", "action_flag": 2, "change_message": "[]"}}, {"model": "admin.logentry", "pk": 22, "fields": {"action_time": "2025-08-04T17:00:34.028Z", "user": 1, "content_type": 13, "object_id": "5", "object_repr": "Post_Category object (5)", "action_flag": 1, "change_message": "[{\"added\": {}}]"}}, {"model": "auth.permission", "pk": 1, "fields": {"name": "Can add log entry", "content_type": 1, "codename": "add_logentry"}}, {"model": "auth.permission", "pk": 2, "fields": {"name": "Can change log entry", "content_type": 1, "codename": "change_logentry"}}, {"model": "auth.permission", "pk": 3, "fields": {"name": "Can delete log entry", "content_type": 1, "codename": "delete_logentry"}}, {"model": "auth.permission", "pk": 4, "fields": {"name": "Can view log entry", "content_type": 1, "codename": "view_logentry"}}, {"model": "auth.permission", "pk": 5, "fields": {"name": "Can add permission", "content_type": 2, "codename": "add_permission"}}, {"model": "auth.permission", "pk": 6, "fields": {"name": "Can change permission", "content_type": 2, "codename": "change_permission"}}, {"model": "auth.permission", "pk": 7, "fields": {"name": "Can delete permission", "content_type": 2, "codename": "delete_permission"}}, {"model": "auth.permission", "pk": 8, "fields": {"name": "Can view permission", "content_type": 2, "codename": "view_permission"}}, {"model": "auth.permission", "pk": 9, "fields": {"name": "Can add group", "content_type": 3, "codename": "add_group"}}, {"model": "auth.permission", "pk": 10, "fields": {"name": "Can change group", "content_type": 3, "codename": "change_group"}}, {"model": "auth.permission", "pk": 11, "fields": {"name": "Can delete group", "content_type": 3, "codename": "delete_group"}}, {"model": "auth.permission", "pk": 12, "fields": {"name": "Can view group", "content_type": 3, "codename": "view_group"}}, {"model": "auth.permission", "pk": 13, "fields": {"name": "Can add user", "content_type": 4, "codename": "add_user"}}, {"model": "auth.permission", "pk": 14, "fields": {"name": "Can change user", "content_type": 4, "codename": "change_user"}}, {"model": "auth.permission", "pk": 15, "fields": {"name": "Can delete user", "content_type": 4, "codename": "delete_user"}}, {"model": "auth.permission", "pk": 16, "fields": {"name": "Can view user", "content_type": 4, "codename": "view_user"}}, {"model": "auth.permission", "pk": 17, "fields": {"name": "Can add content type", "content_type": 5, "codename": "add_contenttype"}}, {"model": "auth.permission", "pk": 18, "fields": {"name": "Can change content type", "content_type": 5, "codename": "change_contenttype"}}, {"model": "auth.permission", "pk": 19, "fields": {"name": "Can delete content type", "content_type": 5, "codename": "delete_contenttype"}}, {"model": "auth.permission", "pk": 20, "fields": {"name": "Can view content type", "content_type": 5, "codename": "view_contenttype"}}, {"model": "auth.permission", "pk": 21, "fields": {"name": "Can add session", "content_type": 6, "codename": "add_session"}}, {"model": "auth.permission", "pk": 22, "fields": {"name": "Can change session", "content_type": 6, "codename": "change_session"}}, {"model": "auth.permission", "pk": 23, "fields": {"name": "Can delete session", "content_type": 6, "codename": "delete_session"}}, {"model": "auth.permission", "pk": 24, "fields": {"name": "Can view session", "content_type": 6, "codename": "view_session"}}, {"model": "auth.permission", "pk": 25, "fields": {"name": "Can add site", "content_type": 7, "codename": "add_site"}}, {"model": "auth.permission", "pk": 26, "fields": {"name": "Can change site", "content_type": 7, "codename": "change_site"}}, {"model": "auth.permission", "pk": 27, "fields": {"name": "Can delete site", "content_type": 7, "codename": "delete_site"}}, {"model": "auth.permission", "pk": 28, "fields": {"name": "Can view site", "content_type": 7, "codename": "view_site"}}, {"model": "auth.permission", "pk": 29, "fields": {"name": "Can add flat page", "content_type": 8, "codename": "add_flatpage"}}, {"model": "auth.permission", "pk": 30, "fields": {"name": "Can change flat page", "content_type": 8, "codename": "change_flatpage"}}, {"model": "auth.permission", "pk": 31, "fields": {"name": "Can delete flat page", "content_type": 8, "codename": "delete_flatpage"}}, {"model": "auth.permission", "pk": 32, "fields": {"name": "Can view flat page", "content_type": 8, "codename": "view_flatpage"}}, {"model": "auth.permission", "pk": 33, "fields": {"name": "Can add category", "content_type": 9, "codename": "add_category"}}, {"model": "auth.permission", "pk": 34, "fields": {"name": "Can change category", "content_type": 9, "codename": "change_category"}}, {"model": "auth.permission", "pk": 35, "fields": {"name": "Can delete category", "content_type": 9, "codename": "delete_category"}}, {"model": "auth.permission", "pk": 36, "fields": {"name": "Can view category", "content_type": 9, "codename": "view_category"}}, {"model": "auth.permission", "pk": 37, "fields": {"name": "Can add author", "content_type": 10, "codename": "add_author"}}, {"model": "auth.permission", "pk": 38, "fields": {"name": "Can change author", "content_type": 10, "codename": "change_author"}}, {"model": "auth.permission", "pk": 39, "fields": {"name": "Can delete author", "content_type": 10, "codename": "delete_author"}}, {"model": "auth.permission", "pk": 40, "fields": {"name": "Can view author", "content_type": 10, "codename": "view_author"}}, {"model": "auth.permission", "pk": 41, "fields": {"name": "Can add post", "content_type": 11, "codename": "add_post"}}, {"model": "auth.permission", "pk": 42, "fields": {"name": "Can change post", "content_type": 11, "codename": "change_post"}}, {"model": "auth.permission", "pk": 43, "fields": {"name": "Can delete post", "content_type": 11, "codename": "delete_post"}}, {"model": "auth.permission", "pk": 44, "fields": {"name": "Can view post", "content_type": 11, "codename": "view_post"}}, {"model": "auth.permission", "pk": 45, "fields": {"name": "Can add comment", "content_type": 12, "codename": "add_comment"}}, {"model": "auth.permission", "pk": 46, "fields": {"name": "Can change comment", "content_type": 12, "codename": "change_comment"}}, {"model": "auth.permission", "pk": 47, "fields": {"name": "Can delete comment", "content_type": 12, "codename": "delete_comment"}}, {"model": "auth.permission", "pk": 48, "fields": {"name": "Can view comment", "content_type": 12, "codename": "view_comment"}}, {"model": "auth.permission", "pk": 49, "fields": {"name": "Can add post_ category", "content_type": 13, "codename": "add_post_category"}}, {"model": "auth.permission", "pk": 50, "fields": {"name": "Can change post_ category", "content_type": 13, "codename": "change_post_category"}}, {"model": "auth.permission", "pk": 51, "fields": {"name": "Can delete post_ category", "content_type": 13, "codename": "delete_post_category"}}, {"model": "auth.permission", "pk": 52, "fields": {"name": "Can view post_ category", "content_type": 13, "codename": "view_post_category"}}, {"model": "auth.permission", "pk": 53, "fields": {"name": "Can add email address", "content_type": 14, "codename": "add_emailaddress"}}, {"model": "auth.permission", "pk": 54, "fields": {"name": "Can change email address", "content_type": 14, "codename": "change_emailaddress"}}, {"model": "auth.permission", "pk": 55, "fields": {"name": "Can delete email address", "content_type": 14, "codename": "delete_emailaddress"}}, {"model": "auth.permission", "pk": 56, "fields": {"name": "Can view email address", "content_type": 14, "codename": "view_emailaddress"}}, {"model": "auth.permission", "pk": 57, "fields": {"name": "Can add email confirmation", "content_type": 15, "codename": "add_emailconfirmation"}}, {"model": "auth.permission", "pk": 58, "fields": {"name": "Can change email confirmation", "content_type": 15, "codename": "change_emailconfirmation"}}, {"model": "auth.permission", "pk": 59, "fields": {"name": "Can delete email confirmation", "content_type": 15, "codename": "delete_emailconfirmation"}}, {"model": "auth.permission", "pk": 60, "fields": {"name": "Can view email confirmation", "content_type": 15, "codename": "view_emailconfirmation"}}, {"model": "auth.permission", "pk": 61, "fields": {"name": "Can add social account", "content_type": 16, "codename": "add_socialaccount"}}, {"model": "auth.permission", "pk": 62, "fields": {"name": "Can change social account", "content_type": 16, "codename": "change_socialaccount"}}, {"model": "auth.permission", "pk": 63, "fields": {"name": "Can delete social account", "content_type": 16, "codename": "delete_socialaccount"}}, {"model": "auth.permission", "pk": 64, "fields": {"name": "Can view social account", "content_type": 16, "codename": "view_socialaccount"}}, {"model": "auth.permission", "pk": 65, "fields": {"name": "Can add social application", "content_type": 17, "codename": "add_socialapp"}}, {"model": "auth.permission", "pk": 66, "fields": {"name": "Can change social application", "content_type": 17, "codename": "change_socialapp"}}, {"model": "auth.permission", "pk": 67, "fields": {"name": "Can delete social application", "content_type": 17, "codename": "delete_socialapp"}}, {"model": "auth.permission", "pk": 68, "fields": {"name": "Can view social application", "content_type": 17, "codename": "view_socialapp"}}, {"model": "auth.permission", "pk": 69, "fields": {"name": "Can add social application token", "content_type": 18, "codename": "add_socialtoken"}}, {"model": "auth.permission", "pk": 70, "fields": {"name": "Can change social application token", "content_type": 18, "codename": "change_socialtoken"}}, {"model": "auth.permission", "pk": 71, "fields": {"name": "Can delete social application token", "content_type": 18, "codename": "delete_socialtoken"}}, {"model": "auth.permission", "pk": 72, "fields": {"name": "Can view social application token", "content_type": 18, "codename": "view_socialtoken"}}, {"model": "auth.permission", "pk": 73, "fields": {"name": "Can add subscription", "content_type": 19, "codename": "add_subscription"}}, {"model": "auth.permission", "pk": 74, "fields": {"name": "Can change subscription", "content_type": 19, "codename": "change_subscription"}}, {"model": "auth.permission", "pk": 75, "fields": {"name": "Can delete subscription", "content_type": 19, "codename": "delete_subscription"}}, {"model": "auth.permission", "pk": 76, "fields": {"name": "Can view subscription", "content_type": 19, "codename": "view_subscription"}}, {"model": "auth.permission", "pk": 77, "fields": {"name": "Can add django job", "content_type": 20, "codename": "add_djangojob"}}, {"model": "auth.permission", "pk": 78, "fields": {"name": "Can change django job", "content_type": 20, "codename": "change_djangojob"}}, {"model": "auth.permission", "pk": 79, "fields": {"name": "Can delete django job", "content_type": 20, "codename": "delete_djangojob"}}, {"model": "auth.permission", "pk": 80, "fields": {"name": "Can view django job", "content_type": 20, "codename": "view_djangojob"}}, {"model": "auth.permission", "pk": 81, "fields": {"name": "Can add django job execution", "content_type": 21, "codename": "add_djangojobexecution"}}, {"model": "auth.permission", "pk": 82, "fields": {"name": "Can change django job execution", "content_type": 21, "codename": "change_djangojobexecution"}}, {"model": "auth.permission", "pk": 83, "fields": {"name": "Can delete django job execution", "content_type": 21, "codename": "delete_djangojobexecution"}}, {"model": "auth.permission", "pk": 84, "fields": {"name": "Can view django job execution", "content_type": 21, "codename": "view_djangojobexecution"}}, {"model": "auth.group", "pk": 1, "fields": {"name": "managers", "permissions": [41, 42, 43]}}, {"model": "auth.group", "pk": 2, "fields": {"name": "common users", "permissions": []}}, {"model": "auth.user", "pk": 1, "fields": {"password": "pbkdf2_sha256$1000000$ZoIjLPFyancSOFZMXlMLgd$fTjBwl7wpa5Oi+xGl7Gs604kJAB/nrisbwhcaNaGxUk=", "last_login": "2025-08-04T17:00:02.261Z", "is_superuser": true, "username": "May", "first_name": "", "last_name": "", "email": "", "is_staff": true, "is_active": true, "date_joined": "2025-08-02T08:27:46Z", "groups": [1, 2], "user_permissions": []}}, {"model": "auth.user", "pk": 2, "fields": {"password": "!il1M1urjta513L8CJ0Svvj8APpj655W2ZgwY4Nd4", "last_login": null, "is_superuser": false, "username": "Kai", "first_name": "", "last_name": "", "email": "", "is_staff": false, "is_active": true, "date_joined": "2025-08-02T08:31:03.362Z", "groups": [], "user_permissions": []}}, {"model": "auth.user", "pk": 3, "fields": {"password": "!NpsFkaFSCm15X8IQQ0gzgyt0kvcjpoVTUPLlBLAz", "last_login": null, "is_superuser": false, "username": "Nick", "first_name": "", "last_name": "", "email": "", "is_staff": false, "is_active": true, "date_joined": "2025-08-02T08:31:16.708Z", "groups": [], "user_permissions": []}}, {"model": "auth.user", "pk": 10, "fields": {"password": "pbkdf2_sha256$1000000$K6Ppw1AX966PIah0zPuxTj$kVj0JezhEaJe5gn7CRjYjH/ALWGWuTBEh2YPYXk9PcU=", "last_login": "2025-08-04T16:58:58.573Z", "is_superuser": false, "username": "alesharet4253", "first_name": "", "last_name": "", "email": "alesharet4253@gmail.com", "is_staff": false, "is_active": true, "date_joined": "2025-08-03T09:55:38.933Z", "groups": [], "user_permissions": []}}, {"model": "auth.user", "pk": 11, "fields": {"password": "pbkdf2_sha256$1000000$jEiVUtkOE8u3ttNSL8T8d5$8lqM4lKKXkJYaGcyzepV1JeE8dlRM64q7byOJ9OVCIk=", "last_login": null, "is_superuser": false, "username": "maygdan.games", "first_name": "", "last_name": "", "email": "maygdan.games@gmail.com", "is_staff": false, "is_active": true, "date_joined": "2025-08-03T10:02:42.463Z", "groups": [], "user_permissions": []}}, {"model": "contenttypes.contenttype", "pk": 1, "fields": {"app_label": "admin", "model": "logentry"}}, {"model": "contenttypes.contenttype", "pk": 2, "fields": {"app_label": "auth", "model": "permission"}}, {"model": "contenttypes.contenttype", "pk": 3, "fields": {"app_label": "auth", "model": "group"}}, {"model": "contenttypes.contenttype", "pk": 4, "fields": {"app_label": "auth", "model": "user"}}, {"model": "contenttypes.contenttype", "pk": 5, "fields": {"app_label": "contenttypes", "model": "contenttype"}}, {"model": "contenttypes.contenttype", "pk": 6, "fields": {"app_label": "sessions", "model": "session"}}, {"model": "contenttypes.contenttype", "pk": 7, "fields": {"app_label": "sites", "model": "site"}}, {"model": "contenttypes.contenttype", "pk": 8, "fields": {"app_label": "flatpages", "model": "flatpage"}}, {"model": "contenttypes.contenttype", "pk": 9, "fields": {"app_label": "news", "model": "category"}}, {"model": "contenttypes.contenttype", "pk": 10, "fields": {"app_label": "news", "model": "author"}}, {"model": "contenttypes.contenttype", "pk": 11, "fields": {"app_label": "news", "model": "post"}}, {"model": "contenttypes.contenttype", "pk": 12, "fields": {"app_label": "news", "model": "comment"}}, {"model": "contenttypes.contenttype", "pk": 13, "fields": {"app_label": "news", "model": "post_category"}}, {"model": "contenttypes.contenttype", "pk": 14, "fields": {"app_label": "account", "model": "emailaddress"}}, {"model": "contenttypes.contenttype", "pk": 15, "fields": {"app_label": "account", "model": "emailconfirmation"}}, {"model": "contenttypes.contenttype", "pk": 16, "fields": {"app_label": "socialaccount", "model": "socialaccount"}}, {"model": "contenttypes.contenttype", "pk": 17, "fields": {"app_label": "socialaccount", "model": "socialapp"}}, {"model": "contenttypes.contenttype", "pk": 18, "fields": {"app_label": "socialaccount", "model": "socialtoken"}}, {"model": "contenttypes.contenttype", "pk": 19, "fields": {"app_label": "news", "model": "subscription"}}, {"model": "contenttypes.contenttype", "pk": 20, "fields": {"app_label": "django_apscheduler", "model": "djangojob"}}, {"model": "contenttypes.contenttype", "pk": 21, "fields": {"app_label": "django_apscheduler", "model": "djangojobexecution"}}, {"model": "sessions.session", "pk": "dwxohsuopwaxf92wt7c8ml54ytnivcmi", "fields": {"session_data": ".eJxVjEEOwiAQRe_C2hCgMAMu3XuGZpihUjVtUtqV8e7apAvd_vfef6metrX2WytLP4o6K6tOv1smfpRpB3Kn6TZrnqd1GbPeFX3Qpq-zlOflcP8OKrX6rRN7X1JA442wRLDiXCZjKHgcbIjDEBlzh65DkGQDEAAWCBwRMhdW7w_NyzeH:1uiyXa:Hf-d5Xz-fDFfJkYbOjs6mdlkCx2ZAEApjbWIMrkr5EU", "expire_date": "2025-08-18T17:00:02.272Z"}}, {"model": "sessions.session", "pk": "thjzvlmgqtjra7oe2ow72f6joaa5s73q", "fields": {"session_data": ".eJyNj9FuwyAMRf_Fz1GldKWJ8rQ_QR54BJVAZGBTVOXfZ7JuU9_2hPG9vj6-AxqTaiw6JOcjTHeomVivN5hiDaEDWtAH_UHs373B4pOYYMFosSTeoIPsXawrTIUrdcBkPZMpunJ4ipApDJRnZCqXs3p5da17MmmRjHVOkX7sLRCDvn0iu_zbLFio4UnhKLfqINZvmzbJHpIgobx7B7PwBbLfUPI_8Df9WPMP5wP5zymSqcwUixzyZGqSj754AbQaRe8HdTn3qlfXk7oO4zgO-_4FhcZ-yQ:1uiVUq:Jo2fb8Jor4-ZRQbcKJCFz-ZfvZKIs0uUjjxV1HL8r9w", "expire_date": "2025-08-17T09:59:16.569Z"}}, {"model": "sessions.session", "pk": "yf399cdfw0mpnveq94h2otavzwf2p76n", "fields": {"session_data": ".eJxVjEEOwiAQRe_C2hCgMAMu3XuGZpihUjVtUtqV8e7apAvd_vfef6metrX2WytLP4o6K6tOv1smfpRpB3Kn6TZrnqd1GbPeFX3Qpq-zlOflcP8OKrX6rRN7X1JA442wRLDiXCZjKHgcbIjDEBlzh65DkGQDEAAWCBwRMhdW7w_NyzeH:1ui7b5:od8CRMsnmhNVTSnolNc74H5ANejJsGp8stlukHakx24", "expire_date": "2025-08-16T08:28:07.308Z"}}, {"model": "sites.site", "pk": 1, "fields": {"domain": "http://127.0.0.1", "name": "example.com"}}, {"model": "sites.site", "pk": 2, "fields": {"domain": "http://127.0.0.1/", "name": "exemple"}}, {"model": "news.author", "pk": 1, "fields": {"rating": 6, "name": 2}}, {"model": "news.author", "pk": 2, "fields": {"rating": 7, "name": 3}}, {"model": "news.category", "pk": 1, "fields": {"name": "IT", "sub": []}}, {"model": "news.category", "pk": 2, "fields": {"name": "Food", "sub": []}}, {"model": "news.category", "pk": 3, "fields": {"name": "health", "sub": []}}, {"model": "news.category", "pk": 4, "fields": {"name": "Study", "sub": []}}, {"model": "news.post", "pk": 1, "fields": {"author": 1, "rating": 0, "data_time": "2025-08-02T08:33:18.037Z", "choose": "news", "title": "Hello Django", "text": "30948032y9gui4bjn32ok[48732974uo3ij2oi048-37627t84gyiu32iji40837y8297gibjnk1mki9u8d%$$%*^(&)*_(+_)OPIJ#$@U$ *( N)(*m294032974t7g32uhoijp4i[0329847y32gib4on3po2yo32p40392u432"}}, {"model": "news.post", "pk": 2, "fields": {"author": 1, "rating": 0, "data_time": "2025-08-02T18:19:29.618Z", "choose": "article", "title": "How?", "text": "qwertyuiopasdfghjklzxcvbnmqwertyqwertyuiopasdfghjklzxcvbnmqwertyqwertyuiopasdfghjklzxcvbnmqwertyqwertyuiopasdfghjklzxcvbnmqwertyqwertyuiopasdfghjklzxcvbnmqwertyqwertyuiopasdfghjklzxcvbnmqwertyqwertyuiopasdfghjklzxcvbnmqwertyqwertyuiopasdfghjklzxcvbnmqwertyqwertyuiopasdfghjklzxcvbnmqwertyqwertyuiopasdfghjklzxcvbnmqwertyqwertyuiopasdfghjklzxcvbnmqwertyqwertyuiopasdfghjklzxcvbnmqwertyqwertyuiopasdfghjklzxcvbnmqwertyqwertyuiopasdfghjklzxcvbnmqwertyqwertyuiopasdfghjklzxcvbnmqwertyqwertyuiopasdfghjklzxcvbnmqwertyqwertyuiopasdfghjklzxcvbnmqwerty"}}, {"model": "news.post", "pk": 3, "fields": {"author": 1, "rating": 0, "data_time": "2025-08-02T18:25:10.545Z", "choose": "news", "title": "How?", "text": "2321321321i8y3giyvhj1231ougivh3k lc 1293012t73gu123iugibj21lnkmlofu9y8g9wibjnfkmo3[ki04897328987098-0iohGYR^%*^(&*)(_)(IOJ#HU$(803n9-8m20y8 4y-832m0=94iui3209-480io32;432"}}, {"model": "news.post", "pk": 5, "fields": {"author": 1, "rating": 0, "data_time": "2025-08-02T18:30:20.534Z", "choose": "news", "title": "213", "text": "12321312321321323652873629813721583698026534685217687465327965698709-809786545325465687809-0=-=-987658475365682978036251864738709878632548767392748675732432432"}}, {"model": "news.post", "pk": 6, "fields": {"author": 2, "rating": 0, "data_time": "2025-08-02T19:50:09.216Z", "choose": "news", "title": "How?2", "text": "32o0=98-70ygyi3;k[4p]o32-=908-94780y932ibj4lnkjo329-74086973yfu2vhj4kbjlnkj3o2u94786973yf2uvjh4lnk;3jo[u94708732vhk 4joptig34m-80uohi32 432c3"}}, {"model": "news.post", "pk": 7, "fields": {"author": 1, "rating": 0, "data_time": "2025-08-02T20:18:26.926Z", "choose": "news", "title": "Hi", "text": "qwertyuiopasdfghjklzxcvbnmqwertyqwertyuiopasdfghjklzxcvbnmqwertyqwertyuiopasdfghjklzxcvbnmqwertyqwertyuiopasdfghjklzxcvbnmqwertyqwertyuiopasdfghjklzxcvbnmqwertyqwertyuiopasdfghjklzxcvbnmqwertyqwertyuiopasdfghjklzxcvbnmqwertyqwertyuiopasdfghjklzxcvbnmqwertyqwertyuiopasdfghjklzxcvbnmqwerty"}}, {"model": "news.post", "pk": 8, "fields": {"author": 1, "rating": 0, "data_time": "2025-08-02T20:21:50.141Z", "choose": "news", "title": "Hi", "text": "qwertyuiopasdfghjklzxcvbnmqwertyqwertyuiopasdfghjklzxcvbnmqwertyqwertyuiopasdfghjklzxcvbnmqwertyqwertyuiopasdfghjklzxcvbnmqwertyqwertyuiopasdfghjklzxcvbnmqwertyqwertyuiopasdfghjklzxcvbnmqwertyqwertyuiopasdfghjklzxcvbnmqwertyqwertyuiopasdfghjklzxcvbnmqwertyqwertyuiopasdfghjklzxcvbnmqwerty"}}, {"model": "news.post", "pk": 9, "fields": {"author": 1, "rating": 0, "data_time": "2025-08-02T21:25:13.325Z", "choose": "news", "title": "Hi", "text": "231231231232131231231111111111111111111111111111111111111111111111111111111111111111111111111111111111111111111111111111111111111111111"}}, {"model": "news.post", "pk": 10, "fields": {"author": 1, "rating": 0, "data_time": "2025-08-04T12:15:43.116Z", "choose": "news", "title": "213123form_clasa", "text": "-89370829ygu1i3bjkln2kml3ou291y89t73fyvi2hbjlnk3jo2u1917839t7c123m08-2706937t 2gohipj ,8m728397t2g1ibjln3kml2kpi308-927180197t3yig21b1jlnk3m2k1i03827108y93uo21nmk3po-2191837892uh3ok213"}}, {"model": "news.post", "pk": 11, "fields": {"author": 1, "rating": 0, "data_time": "2025-08-04T12:17:49.140Z", "choose": "news", "title": "213123form_clasa", "text": "-89370829ygu1i3bjkln2kml3ou291y89t73fyvi2hbjlnk3jo2u1917839t7c123m08-2706937t 2gohipj ,8m728397t2g1ibjln3kml2kpi308-927180197t3yig21b1jlnk3m2k1i03827108y93uo21nmk3po-2191837892uh3ok213"}}, {"model": "news.post", "pk": 12, "fields": {"author": 1, "rating": 0, "data_time": "2025-08-04T12:18:50.533Z", "choose": "news", "title": "213123form_clasa", "text": "-89370829ygu1i3bjkln2kml3ou291y89t73fyvi2hbjlnk3jo2u1917839t7c123m08-2706937t 2gohipj ,8m728397t2g1ibjln3kml2kpi308-927180197t3yig21b1jlnk3m2k1i03827108y93uo21nmk3po-2191837892uh3ok213"}}, {"model": "news.post", "pk": 13, "fields": {"author": 1, "rating": 0, "data_time": "2025-08-04T12:20:57.848Z", "choose": "news", "title": "213123form_clasa", "text": "-89370829ygu1i3bjkln2kml3ou291y89t73fyvi2hbjlnk3jo2u1917839t7c123m08-2706937t 2gohipj ,8m728397t2g1ibjln3kml2kpi308-927180197t3yig21b1jlnk3m2k1i03827108y93uo21nmk3po-2191837892uh3ok213"}}, {"model": "news.post", "pk": 14, "fields": {"author": 1, "rating": 0, "data_time": "2025-08-04T12:21:25.995Z", "choose": "news", "title": "213123form_clasa", "text": "-89370829ygu1i3bjkln2kml3ou291y89t73fyvi2hbjlnk3jo2u1917839t7c123m08-2706937t 2gohipj ,8m728397t2g1ibjln3kml2kpi308-927180197t3yig21b1jlnk3m2k1i03827108y93uo21nmk3po-2191837892uh3ok213"}}, {"model": "news.post", "pk": 15, "fields": {"author": 1, "rating": 0, "data_time": "2025-08-04T12:21:52.835Z", "choose": "news", "title": "213123form_clasa", "text": "-89370829ygu1i3bjkln2kml3ou291y89t73fyvi2hbjlnk3jo2u1917839t7c123m08-2706937t 2gohipj ,8m728397t2g1ibjln3kml2kpi308-927180197t3yig21b1jlnk3m2k1i03827108y93uo21nmk3po-2191837892uh3ok213"}}, {"model": "news.post", "pk": 16, "fields": {"author": 1, "rating": 0, "data_time": "2025-08-04T12:22:23.068Z", "choose": "news", "title": "213123form_clasa", "text": "-89370829ygu1i3bjkln2kml3ou291y89t73fyvi2hbjlnk3jo2u1917839t7c123m08-2706937t 2gohipj ,8m728397t2g1ibjln3kml2kpi308-927180197t3yig21b1jlnk3m2k1i03827108y93uo21nmk3po-2191837892uh3ok213"}}, {"model": "news.post", "pk": 17, "fields": {"author": 1, "rating": 0, "data_time": "2025-08-04T12:22:26.369Z", "choose": "news", "title": "213123form_clasa", "text": "-89370829ygu1i3bjkln2kml3ou291y89t73fyvi2hbjlnk3jo2u1917839t7c123m08-2706937t 2gohipj ,8m728397t2g1ibjln3kml2kpi308-927180197t3yig21b1jlnk3m2k1i03827108y93uo21nmk3po-2191837892uh3ok213"}}, {"model": "news.post", "pk": 18, "fields": {"author": 1, "rating": 0, "data_time": "2025-08-04T12:22:38.134Z", "choose": "news", "title": "213123form_clasa", "text": "-89370829ygu1i3bjkln2kml3ou291y89t73fyvi2hbjlnk3jo2u1917839t7c123m08-2706937t 2gohipj ,8m728397t2g1ibjln3kml2kpi308-927180197t3yig21b1jlnk3m2k1i03827108y93uo21nmk3po-2191837892uh3ok213"}}, {"model": "news.post", "pk": 19, "fields": {"author": 2, "rating": 0, "data_time": "2025-08-04T12:23:07.165Z", "choose": "news", "title": "Hello Django", "text": "2o[13987y92ug1bjln3k;m'kp21i0u937809t72fyvhk3j lnk;2jou1p9365768r2utfg1k 3ml2k1[i0u9-73869t72yfu1jvhk3nmlk2pi1098-70839tiyfj2vh1 m3nmlkp2i1u93t7iyf21vhk3ml;kp21i039uyoug123"}}, {"model": "news.post_category", "pk": 1, "fields": {"post": 1, "category": 1}}, {"model": "news.post_category", "pk": 2, "fields": {"post": 3, "category": 4}}, {"model": "news.post_category", "pk": 3, "fields": {"post": 18, "category": 1}}, {"model": "news.post_category", "pk": 4, "fields": {"post": 19, "category": 3}}, {"model": "news.post_category", "pk": 5, "fields": {"post": 15, "category": 1}}, {"model": "news.subscription", "pk": 8, "fields": {"user": 1, "category": 1}}, {"model": "news.subscription", "pk": 9, "fields": {"user": 1, "category": 4}}, {"model": "news.subscription", "pk": 10, "fields": {"user": 1, "category": 3}}, {"model": "news.subscription", "pk": 11, "fields": {"user": 1, "category": 2}}, {"model": "news.subscription", "pk": 12, "fields": {"user": 10, "category": 2}}, {"model": "news.subscription", "pk": 13, "fields": {"user": 10, "category": 1}}, {"model": "news.subscription", "pk": 14, "fields": {"user": 10, "category": 4}}, {"model": "news.subscription", "pk": 15, "fields": {"user": 10, "category": 3}}, {"model": "news.subscription", "pk": 16, "fields": {"user": 10, "category": 3}}, {"model": "account.emailaddress", "pk": 7, "fields": {"user": 10, "email": "alesharet4253@gmail.com", "verified": true, "primary": true}}, {"model": "account.emailaddress", "pk": 8, "fields": {"user": 11, "email": "maygdan.games@gmail.com", "verified": false, "primary": true}}, {"model": "socialaccount.socialapp", "pk": 1, "fields": {"provider": "yandex", "provider_id": "", "name": "Yandex", "client_id": "1c59b283582e4a758f94a46024e1674f", "secret": "c2ba64db4882414f909e1a2c88fec4f6", "key": "", "settings": {}, "sites": [1]}}, {"model": "django_apscheduler.djangojob", "pk": "delete_old_job_executions", "fields": {"next_run_time": "2025-08-03T21:00:00Z", "job_state": "gAWVWQQAAAAAAAB9lCiMB3ZlcnNpb26USwGMAmlklIwZZGVsZXRlX29sZF9qb2JfZXhlY3V0aW9uc5SMBGZ1bmOUjEFuZXdzLm1hbmFnZW1lbnQuY29tbWFuZHMucnVuYXBzY2hlZHVsZXI6ZGVsZXRlX29sZF9qb2JfZXhlY3V0aW9uc5SMB3RyaWdnZXKUjBlhcHNjaGVkdWxlci50cmlnZ2Vycy5jcm9ulIwLQ3JvblRyaWdnZXKUk5QpgZR9lChoAUsCjAh0aW1lem9uZZSMCGJ1aWx0aW5zlIwHZ2V0YXR0cpSTlIwIem9uZWluZm+UjAhab25lSW5mb5STlIwJX3VucGlja2xllIaUUpSMDUV1cm9wZS9Nb3Njb3eUSwGGlFKUjApzdGFydF9kYXRllE6MCGVuZF9kYXRllE6MBmZpZWxkc5RdlCiMIGFwc2NoZWR1bGVyLnRyaWdnZXJzLmNyb24uZmllbGRzlIwJQmFzZUZpZWxklJOUKYGUfZQojARuYW1llIwEeWVhcpSMCmlzX2RlZmF1bHSUiIwLZXhwcmVzc2lvbnOUXZSMJWFwc2NoZWR1bGVyLnRyaWdnZXJzLmNyb24uZXhwcmVzc2lvbnOUjA1BbGxFeHByZXNzaW9ulJOUKYGUfZSMBHN0ZXCUTnNiYXViaB2MCk1vbnRoRmllbGSUk5QpgZR9lChoIowFbW9udGiUaCSIaCVdlGgpKYGUfZRoLE5zYmF1YmgdjA9EYXlPZk1vbnRoRmllbGSUk5QpgZR9lChoIowDZGF5lGgkiGglXZRoKSmBlH2UaCxOc2JhdWJoHYwJV2Vla0ZpZWxklJOUKYGUfZQoaCKMBHdlZWuUaCSIaCVdlGgpKYGUfZRoLE5zYmF1YmgdjA5EYXlPZldlZWtGaWVsZJSTlCmBlH2UKGgijAtkYXlfb2Zfd2Vla5RoJIloJV2UaCeMFldlZWtkYXlSYW5nZUV4cHJlc3Npb26Uk5QpgZR9lChoLE6MBWZpcnN0lEsAjARsYXN0lEsAdWJhdWJoHymBlH2UKGgijARob3VylGgkiWglXZRoJ4wPUmFuZ2VFeHByZXNzaW9ulJOUKYGUfZQoaCxOaE9LAGhQSwB1YmF1YmgfKYGUfZQoaCKMBm1pbnV0ZZRoJIloJV2UaFYpgZR9lChoLE5oT0sAaFBLAHViYXViaB8pgZR9lChoIowGc2Vjb25klGgkiGglXZRoVimBlH2UKGgsTmhPSwBoUEsAdWJhdWJljAZqaXR0ZXKUTnVijAhleGVjdXRvcpSMB2RlZmF1bHSUjARhcmdzlCmMBmt3YXJnc5R9lGgiaAOMEm1pc2ZpcmVfZ3JhY2VfdGltZZRLAYwIY29hbGVzY2WUiIwNbWF4X2luc3RhbmNlc5RLAYwNbmV4dF9ydW5fdGltZZSMCGRhdGV0aW1llIwIZGF0ZXRpbWWUk5RDCgfpCAQAAAAAAACUaBiGlFKUdS4="}}, {"model": "django_apscheduler.djangojob", "pk": "my_job", "fields": {"next_run_time": "2025-08-03T16:20:00Z", "job_state": "gAWVDwQAAAAAAAB9lCiMB3ZlcnNpb26USwGMAmlklIwGbXlfam9ilIwEZnVuY5SMLm5ld3MubWFuYWdlbWVudC5jb21tYW5kcy5ydW5hcHNjaGVkdWxlcjpteV9qb2KUjAd0cmlnZ2VylIwZYXBzY2hlZHVsZXIudHJpZ2dlcnMuY3JvbpSMC0Nyb25UcmlnZ2VylJOUKYGUfZQoaAFLAowIdGltZXpvbmWUjAhidWlsdGluc5SMB2dldGF0dHKUk5SMCHpvbmVpbmZvlIwIWm9uZUluZm+Uk5SMCV91bnBpY2tsZZSGlFKUjA1FdXJvcGUvTW9zY293lEsBhpRSlIwKc3RhcnRfZGF0ZZROjAhlbmRfZGF0ZZROjAZmaWVsZHOUXZQojCBhcHNjaGVkdWxlci50cmlnZ2Vycy5jcm9uLmZpZWxkc5SMCUJhc2VGaWVsZJSTlCmBlH2UKIwEbmFtZZSMBHllYXKUjAppc19kZWZhdWx0lIiMC2V4cHJlc3Npb25zlF2UjCVhcHNjaGVkdWxlci50cmlnZ2Vycy5jcm9uLmV4cHJlc3Npb25zlIwNQWxsRXhwcmVzc2lvbpSTlCmBlH2UjARzdGVwlE5zYmF1YmgdjApNb250aEZpZWxklJOUKYGUfZQoaCKMBW1vbnRolGgkiGglXZRoKSmBlH2UaCxOc2JhdWJoHYwPRGF5T2ZNb250aEZpZWxklJOUKYGUfZQoaCKMA2RheZRoJIhoJV2UaCkpgZR9lGgsTnNiYXViaB2MCVdlZWtGaWVsZJSTlCmBlH2UKGgijAR3ZWVrlGgkiGglXZRoKSmBlH2UaCxOc2JhdWJoHYwORGF5T2ZXZWVrRmllbGSUk5QpgZR9lChoIowLZGF5X29mX3dlZWuUaCSIaCVdlGgpKYGUfZRoLE5zYmF1YmgfKYGUfZQoaCKMBGhvdXKUaCSJaCVdlGgnjA9SYW5nZUV4cHJlc3Npb26Uk5QpgZR9lChoLE6MBWZpcnN0lEsTjARsYXN0lEsTdWJhdWJoHymBlH2UKGgijAZtaW51dGWUaCSJaCVdlGhSKYGUfZQoaCxOaFVLFGhWSxR1YmF1YmgfKYGUfZQoaCKMBnNlY29uZJRoJIhoJV2UaFIpgZR9lChoLE5oVUsAaFZLAHViYXViZYwGaml0dGVylE51YowIZXhlY3V0b3KUjAdkZWZhdWx0lIwEYXJnc5QpjAZrd2FyZ3OUfZRoImgDjBJtaXNmaXJlX2dyYWNlX3RpbWWUSwGMCGNvYWxlc2NllIiMDW1heF9pbnN0YW5jZXOUSwGMDW5leHRfcnVuX3RpbWWUjAhkYXRldGltZZSMCGRhdGV0aW1llJOUQwoH6QgDExQAAAAAlGgYhpRSlHUu"}}]
